run_id,phase,dtype,device,a,c_init,c,final_loss,loss_res,loss_dres,loss_norm,omega_xi0,loss_res_abs,s,one_over_c,A,n_zeros_dOmega,status,runtime_s,relL2_sim,relL2_exact
0,scan,float64,cuda,0.0,1.0067338656798255,1.0067338943481445,5.82100324496676e-06,2.0379634718320667e-06,3.770831941945597e-05,1.220783118909662e-08,-0.9998895109453878,8.55148912976733e-07,0.8154805155394329,0.9933111476767108,-1.984499751426308,1,ok,42.10386919975281,0.02806594183314051,0.028382404973887918
1,scan,float64,cuda,0.0,0.2,0.20000000298023224,0.024752673745179275,0.010811763239907858,0.13913453043267812,2.745746200360218e-05,-1.0052399868323882,0.028345043762324638,1.1298011515878312,4.999999925494195,-0.09168211502839557,5,ok,41.80042314529419,0.9669520671326741,0.9719604269813659
2,scan,float64,cuda,0.0,0.23063729487865994,0.2306372970342636,0.011877160719335096,0.00849055478131994,0.03385955252555153,6.506854600025913e-07,-1.0008066507670625,0.02245093215693906,0.898158997207696,4.335812172874362,0.18162290840766784,7,ok,41.54067039489746,1.2682582668290194,1.2758213273690946
3,scan,float64,cuda,0.0,0.2659678089447296,0.26596781611442566,0.006186309598616996,0.00431246300651129,0.018568865642440195,1.6960027861687197e-05,-1.0041182554391013,0.013482906627416767,0.7793124954309035,3.7598534086160873,0.09570923721843516,7,ok,40.12161302566528,1.3035798414084119,1.3108566138873865
4,scan,float64,cuda,0.0,0.35369437697430095,0.3536943793296814,0.003654061215567205,0.002308598893195547,0.01344987666847558,4.74655524099798e-07,-0.9993110475168056,0.004730156813520775,0.697179082688468,2.8272996644594452,-0.6988165309925201,7,ok,38.619701623916626,1.1656884715566893,1.1700895063280554
5,scan,float64,cuda,0.0,0.4078755715957287,0.40787556767463684,0.0022741457415649483,0.0009587884861918429,0.01313440058694171,1.917196678934753e-06,-0.9986153712848078,0.0023071203290767114,0.5492276887576208,2.4517281231164647,-0.820187074333112,3,ok,38.16468548774719,1.2857519695824455,1.29085037324884
6,scan,float64,cuda,0.0,0.4703565923996302,0.4703565835952759,0.0010994149871212658,0.0004629651018336563,0.006356313401634559,8.185451241534886e-07,-0.9990952651636233,0.0015607454832307765,0.9629579349870628,2.126046567385697,-0.8176043841881834,5,ok,39.429038286209106,1.3934989084800864,1.400478365816089
7,scan,float64,cuda,0.0,0.5424088604969757,0.5424088835716248,0.0007777620373206478,0.00013172934448641845,0.0064541688232975965,6.158105044695773e-07,-0.9992152640543026,0.0005502746771638509,1.3448270036726617,1.8436276216850542,-0.8206476723467054,3,ok,40.00457572937012,1.5440179135492331,1.5524800196013822
8,scan,float64,cuda,0.0,0.6254985615161944,0.6254985332489014,0.00035954765836231534,2.1829070639328494e-05,0.0033730455006105095,4.1403766193587686e-07,-0.9993565424163662,2.628300669732874e-05,1.5809206411897099,1.5987247720724473,-0.424164748973648,1,ok,41.967857360839844,1.056832105766041,1.0583735500728086
9,scan,float64,cuda,0.0,0.8318124095227118,0.8318123817443848,3.5120549178201886e-05,3.392679185210423e-06,0.0003166349120922381,6.437878376765167e-08,-1.0002537297455318,2.4202662576053734e-06,0.9173089151819458,1.2021941749687721,-0.6883647999007574,1,ok,44.84173941612244,0.5223366783618426,0.5190264792606115
10,scan,float64,cuda,0.0,0.9592348198940914,0.9592348337173462,1.0160187718593925e-05,7.181700498189395e-06,2.9668094749189554e-05,1.1677745485575226e-08,-1.0001080636177702,3.357680603399396e-06,0.7365462887376556,1.0424975875038602,-1.174851294152448,1,ok,47.02337312698364,0.0896905559384609,0.08261605107067273
11,scan,float64,cuda,0.0,1.106176620068959,1.1061766147613525,8.339838863036086e-05,2.7360139151195706e-05,0.0005601462478181688,2.36246973482643e-08,-0.9998462967230399,8.588904561233373e-06,0.7289869197571472,0.9040147718325621,-2.4978772650454655,1,ok,45.240636110305786,0.1917038093618958,0.19569215243379895
12,scan,float64,cuda,0.0,1.2756279165536193,1.2756279706954956,0.0007377451120166796,0.00034783277167375946,0.0038961785381533003,2.944865275901153e-07,-1.0005426661290242,7.832343086067913e-05,0.6046984138518219,0.7839276207268971,-2.5761259381691928,1,ok,41.62758779525757,0.31636660881838835,0.31919335102640484
13,scan,float64,cuda,0.0,1.471036859728138,1.4710369110107422,0.003864541441878433,0.0019026122486737738,0.019601410530693333,1.7881401353262355e-06,-1.0013372135713214,0.0003475177419951743,0.4903139551943484,0.6797925956276005,-2.2556991239365156,1,ok,43.02790307998657,0.36163023006612943,0.3627885389910434
14,scan,float64,cuda,0.0,1.6963798099724818,1.6963797807693481,0.0090527968176827,0.006010540729913792,0.03036629630024381,5.626457744526028e-06,-1.002372015544748,0.0009840791187708232,0.4492395061064705,0.5894906384385674,-2.4521126540660814,1,ok,41.95228672027588,0.3947473571568367,0.3956336493275281
15,scan,float64,cuda,0.0,2.255912105982289,2.2559120655059814,0.026361999919423885,0.016112468704723437,0.10219046778088398,3.0484436612048614e-05,-1.0055212712858588,0.0018275397371695181,0.37488284884392176,0.44327968952801744,-3.051798491388388,1,ok,43.90752458572388,0.4723538917649395,0.4715155689023248
16,scan,float64,cuda,0.0,2.6014873280388797,2.601487398147583,0.03568579788364409,0.021221169245332322,0.1445258526509414,1.2043373217626374e-05,-1.003470356353118,0.0020240202326086846,0.3902956055666647,0.3843954811051788,-4.409396783741814,1,ok,43.662851333618164,0.511208725697969,0.5099259066587517
17,scan,float64,cuda,0.0,3.0,3.0,0.04718572809540078,0.02899780797483922,0.18162798068752747,2.512205180880971e-05,-1.0050121903204896,0.0025378932129223866,0.41293349181239625,0.3333333333333333,-6.18308844772513,1,ok,42.669339418411255,0.5351444574497544,0.5337472966521661
18,scan,float64,cuda,0.25,0.684956388576811,0.6849563717842102,9.738718799631052e-06,4.342477556733277e-06,5.39419095259623e-05,2.0502903015452053e-09,-1.0000452801314215,2.7051663533545356e-06,0.4653220156360746,1.4599469998288324,-0.03794651193506721,1,ok,44.91718578338623,0.007845186081677929,
19,scan,float64,cuda,0.25,0.2,0.20000000298023224,0.01109284859497434,0.007759854978815388,0.03332146187317259,8.474288416908148e-07,-0.9990794410167236,0.01859835781028865,2.537776549013616,4.999999925494195,-1.773457527081883,2,ok,44.213276863098145,0.9988410218055477,
20,scan,float64,cuda,0.25,0.23063729487865994,0.2306372970342636,0.0063128711319330585,0.0037620250403042335,0.025482673568632732,2.578734765551509e-06,-0.9983941560581577,0.009625026135188031,2.6842294683740664,4.335812172874362,-1.894427156453527,2,ok,43.42123889923096,1.0260469721202197,
21,scan,float64,cuda,0.25,0.2659678089447296,0.26596781611442566,0.00038092971649902803,2.1467416199614035e-05,0.003590823578877029,3.7994241171106696e-07,-0.9993836053117433,5.0481362417573105e-05,3.555120375481256,3.7598534086160873,-0.3756731924076844,2,ok,43.83433246612549,1.16670072424045,
22,scan,float64,cuda,0.25,0.35369437697430095,0.3536943793296814,0.0001214488056600485,4.760859367192268e-06,0.0011637151595355942,3.1643033929680966e-07,-0.9994374785876993,8.47157754021677e-06,2.8477973811452277,2.8272996644594452,-0.352192357505087,2,ok,43.02130079269409,1.0670372613642864,
23,scan,float64,cuda,0.25,0.4078755715957287,0.40787556767463684,8.109269653876056e-05,2.8156110314296343e-06,0.0007826206678817602,1.501871915490481e-08,-0.9998774491160582,4.581772654642937e-06,2.2117462963445855,2.4517281231164647,-0.2432655585583784,1,ok,44.05111002922058,0.9745895251975405,
24,scan,float64,cuda,0.25,0.4703565923996302,0.4703565835952759,4.179216817383714e-05,9.394975173966424e-07,0.00040846549846782935,6.120809657555713e-09,-0.9999217643964837,1.2991068614335926e-06,1.5281937726951906,2.126046567385697,-0.2462997616240553,1,ok,44.32447004318237,0.8271649965645405,
25,scan,float64,cuda,0.25,0.5424088604969757,0.5424088835716248,2.244828407920627e-05,8.746680327925443e-07,0.00021573614910356495,1.1360572286985468e-12,-1.0000010658598542,9.925467005008792e-07,0.6634681158216345,1.8436276216850542,0.08715495711877239,2,ok,43.216819047927856,0.6030362599027543,
26,scan,float64,cuda,0.25,0.6254985615161944,0.6254985332489014,9.214331652758737e-06,2.5269151716269e-06,6.687069033795413e-05,3.474473364232046e-10,-1.0000186399392816,2.3071614710201016e-06,0.3417067230676249,1.5987247720724473,0.12088706337083469,2,ok,43.63571810722351,0.31258681969731383,
27,scan,float64,cuda,0.25,0.8318124095227118,0.8318123817443848,0.00041962950478059816,0.00020147312992058482,0.0021815416370803728,2.2111519760706562e-09,-0.9999529771122104,6.602392823593552e-05,0.47021192528788014,1.2021941749687721,-0.744100390595119,1,ok,42.90741515159607,0.29768979074817264,
28,scan,float64,cuda,0.25,0.9592348198940914,0.9592348337173462,0.0024783594199560693,0.0014107529952462998,0.010627813447863503,4.825079923419575e-06,-1.0021966064562,0.0003553791513189912,0.4055375977848988,1.0424975875038602,-1.0214220726075645,1,ok,42.59296107292175,0.36228708602815113,
29,scan,float64,cuda,0.25,1.106176620068959,1.1061766147613525,0.005835199040958079,0.003263514641612889,0.025677133485071172,3.97105083807257e-06,-1.0019927495673246,0.0006892688228906708,0.38202505867375436,0.9040147718325621,-1.2506924441515068,1,ok,43.717907667160034,0.41150874461554215,
30,scan,float64,cuda,0.25,1.2756279165536193,1.2756279706954956,0.010621854332984819,0.005996408135122974,0.0459640384912742,2.904234873442428e-05,-1.0053890953539926,0.0009509164815608348,0.36456393550910343,0.7839276207268971,-1.7454211710490948,1,ok,41.908793926239014,0.47585061892810704,
31,scan,float64,cuda,0.25,1.471036859728138,1.4710369110107422,0.017154914380453558,0.009713489852477683,0.07401377651640187,4.0046876335686244e-05,-1.006328260134957,0.0013565854847034221,0.37408053788831497,0.6797925956276005,-2.2854206627630185,1,ok,43.54871845245361,0.5060734933086326,
32,scan,float64,cuda,0.25,1.6963798099724818,1.6963797807693481,0.028362310152290272,0.016352254882712813,0.11936837076775965,7.321819280149325e-05,-1.0085567629861703,0.0018492521983682624,0.3284231188462486,0.5894906384385674,-2.4593725558507926,1,ok,44.155776023864746,0.5503817700540045,
33,scan,float64,cuda,0.25,2.255912105982289,2.2559120655059814,0.049538165642082625,0.029292981687222247,0.20128979181903833,0.00011620477295654796,-1.0107798317684715,0.003225172120186644,0.36401716564673925,0.44327968952801744,-3.646287535894883,1,ok,43.299484729766846,0.5683584610057105,
34,scan,float64,cuda,0.25,2.6014873280388797,2.601487398147583,0.06134402210667361,0.03131174438800483,0.3002728263659325,4.995082075529662e-06,-1.0022349680256168,0.0023239161965488927,0.3485618021723697,0.3843954811051788,-5.057123788966084,1,ok,43.006441831588745,0.6420451655786703,
35,scan,float64,cuda,0.25,3.0,3.0,0.08625359802504574,0.05184996547125216,0.3432051566563477,8.311688815880888e-05,-1.009116846393288,0.0045313104249009,0.37970901304470484,0.3333333333333333,-6.468408576060797,1,ok,42.793131589889526,0.6189881958062109,
36,scan,float64,cuda,0.5,0.3351123700765413,0.3351123631000519,0.0004778864428626509,0.00013776569465394025,0.0033951818836527,6.025598434406245e-07,-1.0007762472824047,0.0002675183577176281,0.23126359078611305,2.9840737320139925,0.291299377333399,2,ok,42.58093309402466,0.6235137031997812,
37,scan,float64,cuda,0.5,0.2,0.20000000298023224,0.0007969325957613397,9.153714314595534e-05,0.007053822526416129,1.3199973771400974e-08,-0.9998851088612146,0.00017583290563801503,1.7558764459392198,4.999999925494195,2.007339315456559,2,ok,43.67906308174133,0.9363719206006215,
38,scan,float64,cuda,0.5,0.23063729487865994,0.2306372970342636,0.001125759625867543,0.00035687080493568746,0.007684620305165256,4.267904153297367e-07,-1.0006532919832125,0.0007118755876957778,1.5008209224520022,4.335812172874362,1.6893261944533067,2,ok,42.40614199638367,0.9189712307149019,
39,scan,float64,cuda,0.5,0.2659678089447296,0.26596781611442566,0.0012024972243059584,0.0004691305547975291,0.007322453694640735,1.121300044355693e-06,-1.0010589145595163,0.0009658362336519209,1.054180107408952,3.7598534086160873,1.026226243176243,2,ok,43.79309058189392,0.8477938005617971,
40,scan,float64,cuda,0.5,0.35369437697430095,0.3536943793296814,0.0006934805539029288,0.00018033084888085716,0.005129343695797572,2.1533544231441895e-07,-0.9995359574994525,0.00037060127647149655,0.2639228270506583,2.8272996644594452,0.26259170373344104,2,ok,43.912078857421875,0.5962321534960915,
41,scan,float64,cuda,0.5,0.4078755715957287,0.40787556767463684,0.0008613259467123993,0.0004755433577646428,0.003851621642887818,6.204246589746766e-07,-1.000787670399961,0.000796467523641323,0.16071840174457633,2.4517281231164647,0.012645902811115845,2,ok,45.12757468223572,0.41864999932377694,
42,scan,float64,cuda,0.5,0.4703565923996302,0.4703565835952759,0.000552833225814453,0.0003024819044612425,0.002503506552095393,6.661436712498109e-10,-1.000025809759225,0.0001141897576197802,0.22200919541429873,2.126046567385697,-0.0499507367258334,1,ok,46.805113315582275,0.3856712896018143,
43,scan,float64,cuda,0.5,0.5424088604969757,0.5424088835716248,0.0026618704930385525,0.0010224638065182048,0.016360440313298846,3.3626551904629614e-06,-1.0018337543975306,0.0002785625341395493,0.21298782659716364,1.8436276216850542,-0.3987360727142487,1,ok,45.94313859939575,0.45562499000123435,
44,scan,float64,cuda,0.5,0.6254985615161944,0.6254985332489014,0.003755580119114565,0.001645418150127347,0.02109375416149562,7.865528376560655e-07,-1.000886878141379,0.0005015475454100542,0.2946543299552309,1.5987247720724473,-0.4742823960737823,1,ok,44.24102258682251,0.43321891754538433,
45,scan,float64,cuda,0.5,0.8318124095227118,0.8318123817443848,0.014922276376746663,0.0074365290074158,0.07448855487896422,3.6891881434442175e-05,-1.0060738687370112,0.0016966489152720938,0.26984330195498546,1.2021941749687721,-0.8289632455942487,1,ok,45.854344844818115,0.5087880938141491,
46,scan,float64,cuda,0.5,0.9592348198940914,0.9592348337173462,0.023891455413960285,0.013311472555878785,0.10459518453874997,0.00012046440420650094,-1.0109756277363302,0.002176177994135455,0.2544806090444778,1.0424975875038602,-1.18064573009967,1,ok,45.23778557777405,0.5809043681390016,
47,scan,float64,cuda,0.5,1.106176620068959,1.1061766147613525,0.028482606908503454,0.015147980038183542,0.13218648124214039,0.00011597874610587398,-1.0107693428818045,0.0020795983192267923,0.2546078728154332,0.9040147718325621,-1.3764135808951985,1,ok,45.75214958190918,0.6166386669083014,
48,scan,float64,cuda,0.5,1.2756279165536193,1.2756279706954956,0.03368657373329382,0.016968559413985146,0.16672363015894068,4.565130341459764e-05,-1.0067565748286094,0.0022362743913173122,0.3286372169793797,0.7839276207268971,-2.203204457632497,1,ok,44.21847224235535,0.6267723603646395,
49,scan,float64,cuda,0.5,1.471036859728138,1.4710369110107422,0.04401334195006856,0.02303668095087098,0.20874509003512182,0.0001021519956854012,-1.0101070270448536,0.0024214395258465274,0.2951784352360251,0.6797925956276005,-2.4044788972903954,1,ok,41.635862827301025,0.667643585855629,
50,scan,float64,cuda,0.5,1.6963798099724818,1.6963797807693481,0.050680863553904026,0.025606132850139563,0.25032455636144046,4.227506762041506e-05,-1.0065019279925584,0.0021914622177954296,0.31117447260850767,0.5894906384385674,-3.2582269357842555,1,ok,41.747244358062744,0.7030803747961007,
51,scan,float64,cuda,0.5,2.255912105982289,2.2559120655059814,0.08689256398442681,0.04391940186604714,0.4295086132633343,2.230079204623679e-05,-1.0047223714430609,0.0035825714901094505,0.3336214805606875,0.44327968952801744,-4.848313270716205,1,ok,42.14502286911011,0.7153147599543199,
52,scan,float64,cuda,0.5,2.6014873280388797,2.601487398147583,0.10758900755154978,0.05702573128352838,0.5055058074515765,1.2695522863745117e-05,-1.003563077723506,0.0043448953440853285,0.349376327184364,0.3843954811051788,-6.367401839258928,1,ok,40.5717887878418,0.728390704989056,
53,scan,float64,cuda,0.5,3.0,3.0,0.15570103437312205,0.08233695874126155,0.7330391801304275,6.0157618817755786e-05,-1.0077561342702248,0.005700597889166479,0.29285242395599737,0.3333333333333333,-5.564456202450345,1,ok,41.568687915802,0.7416401927347392,
54,learn_c,float64,cuda,0.0,1.0067338656798255,0.9898924602622543,1.0606603501510315e-06,8.67063626609951e-07,1.935894614067614e-06,7.262134319126519e-12,-1.000002694834748,3.8533076917601435e-07,0.8469714234295813,1.0102107452511235,-1.9882894574847754,1,ok,44.41753554344177,0.02411389360084439,0.015237232895746676
55,learn_c,float64,cuda,0.25,0.6254985615161944,0.6745289611708245,4.727880457065573e-06,2.2046071207840396e-06,2.5227568903719937e-05,5.164459095391469e-10,-1.0000227254463,1.5401105154078963e-06,0.3049526123277338,1.482516033506158,0.0745643483115936,1,ok,40.65509009361267,0.058998519672068706,
56,learn_c,float64,cuda,0.5,0.3351123700765413,0.14143883524925657,3.949632025110925e-05,2.327453901949488e-06,0.00037168857332338465,9.01682129237394e-12,-1.00000300280224,4.064147074588125e-06,0.24534911895400854,7.070193969270941,-0.10259708122618795,3,ok,39.857616901397705,0.6423646190940145,
57,learn_c,float64,cuda,0.5,0.4703565923996302,0.36401777276167346,6.97707541075457e-05,6.1162180484068e-05,8.537519233528389e-05,7.1054389949308e-08,-1.000266560293272,5.8717067307945594e-05,0.669977200238635,2.7471186157020724,0.7814651769461363,2,ok,39.70976209640503,0.037562251638695185,
58,learn_c,float64,cuda,0.5,0.2,0.05,3.2450613713179684e-05,2.047857321864595e-06,0.0003038934331742832,1.3413073886766693e-08,-0.9998841851741496,5.8379451135821066e-06,1.80988329930629,20.0,1.913334374902162,2,ok,41.35910153388977,1.0012971905859755,
59,scan_fp32,float32,cuda,0.0,0.2,0.20000000298023224,0.022726995870471,0.014664852060377598,0.08055652678012848,6.4921987359412014e-06,-0.9974520206451416,0.03416261821985245,1.450103759765625,4.999999925494195,0.04113628342747688,7,ok,41.74413180351257,1.1413380358303427,1.147639961105969
60,scan_fp32,float32,cuda,0.0,0.23063729487865994,0.2306372970342636,0.015050740912556648,0.01089316327124834,0.041575782001018524,8.425615760643268e-11,-1.0000091791152954,0.02740051969885826,1.0382559299468994,4.335812172874362,0.16681772470474243,7,ok,39.374003171920776,1.21433904396898,1.221520433224616
61,scan_fp32,float32,cuda,0.0,0.2659678089447296,0.26596781611442566,0.008704857900738716,0.0051438044756650925,0.03561024367809296,2.9141119739506394e-08,-0.9998292922973633,0.015627706423401833,0.8635578751564026,3.7598534086160873,0.06946390867233276,7,ok,38.473347902297974,1.2874032426689412,1.2950000841517888
62,scan_fp32,float32,cuda,0.0,0.35369437697430095,0.3536943793296814,0.0038877325132489204,0.002810383215546608,0.010767817497253418,5.676156433764845e-07,-0.9992465972900391,0.005776277277618647,0.7882091999053955,2.8272996644594452,-0.6657863855361938,5,ok,40.153976917266846,1.152387147521266,1.1568323964891705
63,scan_fp32,float32,cuda,0.0,0.4078755715957287,0.40787556767463684,0.001737270737066865,0.0004612168704625219,0.012759081088006496,1.4570110806744196e-07,-1.0003817081451416,0.0010702266590669751,0.441573828458786,2.4517281231164647,-0.9247986078262329,3,ok,42.133012533187866,1.2827265254663753,1.287577671604403
64,scan_fp32,float32,cuda,0.0,0.4703565923996302,0.4703565835952759,0.0015642051585018635,0.0006588118267245591,0.009049794636666775,4.138515237173124e-07,-0.9993566870689392,0.0020986052695661783,1.0170979499816895,2.126046567385697,-0.7703979015350342,3,ok,41.6581084728241,1.3600950848356534,1.3666732229198975
65,scan_fp32,float32,cuda,0.0,0.5424088604969757,0.5424088835716248,0.0007430511759594083,0.00015537720173597336,0.005873054265975952,3.685379965645552e-07,-0.9993929266929626,0.0006910645170137286,1.3126964569091797,1.8436276216850542,-0.872901201248169,3,ok,41.272324085235596,1.5883992594629945,1.5973790528025875
66,scan_fp32,float32,cuda,0.0,0.6254985615161944,0.6254985332489014,0.00035278036375530064,2.3290069293580018e-05,0.0032926546409726143,2.248229122869816e-07,-0.9995258450508118,2.825079354806803e-05,1.592676043510437,1.5987247720724473,-0.4272604286670685,1,ok,41.09508562088013,1.0597033308040005,1.0612783142299882
67,scan_fp32,float32,cuda,0.0,0.8318124095227118,0.8318123817443848,3.2119962270371616e-05,1.4939030279492727e-06,0.0003062605101149529,5.6843418860808015e-12,-1.000002384185791,1.0771805136755574e-06,0.9358982443809509,1.2021941749687721,-0.6692838668823242,1,ok,41.03041982650757,0.5395195460141483,0.5363109206097108
68,scan_fp32,float32,cuda,0.0,0.9592348198940914,0.9592348337173462,8.269429599749856e-06,5.357549525797367e-06,2.902510459534824e-05,9.36984179134015e-09,-1.0000967979431152,2.508485295038554e-06,0.7581636905670166,1.0424975875038602,-1.2777822017669678,1,ok,40.456100940704346,0.08322071454880577,0.07629911310790895
69,scan_fp32,float32,cuda,0.0,1.0067338656798255,1.0067338943481445,7.3370765676372685e-06,3.0146056815283373e-06,4.321751475799829e-05,7.194245199571014e-10,-1.000026822090149,1.2545659728857572e-06,0.7936300039291382,0.9933111476767108,-1.8517178297042847,1,ok,40.17051434516907,0.03105704938690238,0.030455785839571745
70,scan_fp32,float32,cuda,0.0,1.106176620068959,1.1061766147613525,8.294343570014462e-05,2.5385508706676774e-05,0.0005740034393966198,1.575827468514035e-07,-1.000396966934204,7.4047343332495075e-06,0.6988770365715027,0.9040147718325621,-2.5644989013671875,1,ok,39.8953652381897,0.21703984671754034,0.22067607304517997
71,scan_fp32,float32,cuda,0.0,1.2756279165536193,1.2756279706954956,0.0007452960126101971,0.00031908604432828724,0.00425999891012907,2.100936313809143e-07,-1.0004583597183228,6.768591265426949e-05,0.5788944959640503,0.7839276207268971,-2.515249729156494,1,ok,39.48784685134888,0.3260060422383376,0.32828980073302
72,scan_fp32,float32,cuda,0.0,1.471036859728138,1.4710369110107422,0.0038423030637204647,0.0017566372407600284,0.020853742957115173,2.9149077818146907e-07,-1.0005398988723755,0.0003156454476993531,0.491240918636322,0.6797925956276005,-2.32002854347229,1,ok,39.74101543426514,0.36377542342429836,0.3647849146837772
73,scan_fp32,float32,cuda,0.0,1.6963798099724818,1.6963797807693481,0.008753468282520771,0.005869053304195404,0.028566673398017883,2.774782115011476e-05,-1.00526762008667,0.0009503639885224402,0.4491024911403656,0.5894906384385674,-2.4691288471221924,1,ok,39.56249499320984,0.397782977175086,0.3986543752924028
74,scan_fp32,float32,cuda,0.0,2.255912105982289,2.2559120655059814,0.02320990338921547,0.014341960661113262,0.08856303244829178,1.1640173397609033e-05,-1.0034117698669434,0.0017054908676072955,0.42240747809410095,0.44327968952801744,-3.6575000286102295,1,ok,40.107171058654785,0.46855918503838334,0.46809250316437606
75,scan_fp32,float32,cuda,0.0,2.6014873280388797,2.601487398147583,0.035103633999824524,0.022156814113259315,0.12902846932411194,4.3971962440991774e-05,-1.0066311359405518,0.002226186217740178,0.4100306034088135,0.3843954811051788,-4.69128942489624,1,ok,40.22828269004822,0.5039916439492493,0.5029182066046683
76,scan_fp32,float32,cuda,0.0,3.0,3.0,0.04700685292482376,0.030017483979463577,0.1696130335330963,2.8067735911463387e-05,-1.0052978992462158,0.00281136273406446,0.4340611398220062,0.3333333333333333,-6.610636234283447,1,ok,40.50884461402893,0.5246237857430864,0.5234143722181593
